{"cameraMode":{"drawMode":0,"name":"Shaded","section":"Shading Mode"},"sceneLighting":true,"audioPlay":false,"sceneViewState":{"m_AlwaysRefresh":false,"showFog":true,"showSkybox":true,"showFlares":true,"showImageEffects":true,"showParticleSystems":true,"showVisualEffectGraphs":true,"m_FxEnabled":false},"in2DMode":false,"pivot":{"x":13.367267608642579,"y":-43.89177703857422,"z":227.64840698242188},"rotation":{"x":-0.17397183179855348,"y":0.018618101254105569,"z":-0.0032878699712455274,"w":-0.9845300912857056},"size":137.51943969726563,"orthographic":false}