{"cameraMode":{"drawMode":0,"name":"Shaded","section":"Shading Mode"},"sceneLighting":false,"audioPlay":false,"sceneViewState":{"m_AlwaysRefresh":false,"showFog":true,"showSkybox":false,"showFlares":true,"showImageEffects":true,"showParticleSystems":true,"showVisualEffectGraphs":true,"m_FxEnabled":true},"in2DMode":false,"pivot":{"x":23.600000381469728,"y":0.6586518287658691,"z":-161.21897888183595},"rotation":{"x":0.019122125580906869,"y":0.5067788362503052,"z":0.01125391386449337,"w":-0.861775815486908},"size":2.448840856552124,"orthographic":false}