{"cameraMode":{"drawMode":0,"name":"Shaded","section":"Shading Mode"},"sceneLighting":false,"audioPlay":false,"sceneViewState":{"m_AlwaysRefresh":false,"showFog":true,"showSkybox":false,"showFlares":true,"showImageEffects":true,"showParticleSystems":true,"showVisualEffectGraphs":true,"m_FxEnabled":true},"in2DMode":false,"pivot":{"x":-0.003177046775817871,"y":0.12708362936973573,"z":0.00023217499256134033},"rotation":{"x":0.2408529371023178,"y":-0.02153594046831131,"z":0.0053296019323170189,"w":0.970288872718811},"size":1.0372811555862427,"orthographic":false}